arrival_rate,seed,mean_delay_ms,p_delay_over_20ms,,arrival rate,mean_delay,mean_delay_+20ms
395,333333,5.790536251,0.01514867,,395,5.787679794,0.01500789
395,444444,5.787520303,0.015051,,396,5.833949964,0.015677887
395,400470318,5.784982827,0.014824,,397,5.881089738,0.016361667
396,333333,5.836923927,0.01580633,,398,5.929151879,0.017060333
396,444444,5.83404687,0.01571233,,399,5.978167085,0.017796
396,400470318,5.830879094,0.015515,,400,6.028152329,0.018588443
397,333333,5.884162022,0.016497,,401,6.079150919,0.019415443
397,444444,5.881462104,0.01637867,,402,6.131177151,0.02026522
397,400470318,5.877645088,0.01620933,,403,6.184251792,0.021155333
398,333333,5.932292071,0.017205,,,,
398,444444,5.929853828,0.01705867,,,,
398,400470318,5.925309739,0.01691733,,,,
399,333333,5.981342392,0.01796833,,,,
399,444444,5.979194616,0.017795,,,,
399,400470318,5.973964248,0.01762467,,,,
400,333333,6.031369802,0.01877733,,,,
400,444444,6.029526386,0.01857367,,,,
400,400470318,6.023560798,0.01841433,,,,
401,333333,6.082408089,0.01961933,,,,
401,444444,6.080848522,0.01939,,,,
401,400470318,6.074196147,0.019237,,,,
402,333333,6.134461711,0.02049333,,,,
402,444444,6.133233266,0.020239,,,,
402,400470318,6.125836475,0.02006333,,,,
403,333333,6.187600615,0.021395,,,,
403,444444,6.186649334,0.02113567,,,,
403,400470318,6.178505428,0.02093533,,,,
