arrival_rate,seed,mean_delay_ms,p_delay_over_20ms
395.000,333333,5.790536251,0.01514867
395.000,444444,5.787520303,0.01505100
395.000,400470318,5.784982827,0.01482400
396.000,333333,5.836923927,0.01580633
396.000,444444,5.834046870,0.01571233
396.000,400470318,5.830879094,0.01551500
397.000,333333,5.884162022,0.01649700
397.000,444444,5.881462104,0.01637867
397.000,400470318,5.877645088,0.01620933
398.000,333333,5.932292071,0.01720500
398.000,444444,5.929853828,0.01705867
398.000,400470318,5.925309739,0.01691733
399.000,333333,5.981342392,0.01796833
399.000,444444,5.979194616,0.01779500
399.000,400470318,5.973964248,0.01762467
400.000,333333,6.031369802,0.01877733
400.000,444444,6.029526386,0.01857367
400.000,400470318,6.023560798,0.01841433
401.000,333333,6.082408089,0.01961933
401.000,444444,6.080848522,0.01939000
401.000,400470318,6.074196147,0.01923700
402.000,333333,6.134461711,0.02049333
402.000,444444,6.133233266,0.02023900
402.000,400470318,6.125836475,0.02006333
403.000,333333,6.187600615,0.02139500
403.000,444444,6.186649334,0.02113567
403.000,400470318,6.178505428,0.02093533
